{
  "temperature": 0.5,
  "logistic_slope": 6.063542319320187,
  "logistic_intercept": -3.4323975147437498,
  "driver_biases": {
    "Max Verstappen": 0.009804442972777275,
    "Lando Norris": -0.32511565358362865,
    "Oscar Piastri": -0.010744046830266456,
    "George Russell": 0.02266431369452931,
    "Lewis Hamilton": 0.035020655312516684,
    "Charles Leclerc": 0.027689199109798772,
    "Carlos Sainz": 0.018899541434487445,
    "Fernando Alonso": 0.017997766614494915,
    "Lance Stroll": 0.005999984083242595,
    "Pierre Gasly": 0.005999997204005616,
    "Esteban Ocon": 0.002999999051615211,
    "Nico Hulkenberg": 0.005999999682720975,
    "Kevin Magnussen": 0.002999991717434844,
    "Yuki Tsunoda": 0.0059999999740296016,
    "Daniel Ricciardo": 0.0029999990189427074,
    "Alexander Albon": -6.1071336384720265e-09,
    "Valtteri Bottas": 0.002999999132612913,
    "Zhou Guanyu": 0.0029999991107905635,
    "Andrea Kimi Antonelli": -1.244169256215781e-09,
    "Oliver Bearman": 0.002999999738650059
  },
  "team_weights": {
    "McLaren": 1.35,
    "Red Bull Racing": 0.85,
    "Ferrari": 1.05,
    "Mercedes": 0.95,
    "Aston Martin": 1.0,
    "Alpine": 1.0,
    "Haas": 1.0,
    "RB": 1.0,
    "Williams": 1.0,
    "Kick Sauber": 1.0
  },
  "recent_form_weights": {
    "Lando Norris": 1.4,
    "Oscar Piastri": 1.35,
    "Max Verstappen": 0.8,
    "Charles Leclerc": 1.1,
    "George Russell": 1.05,
    "Lewis Hamilton": 0.95,
    "Carlos Sainz": 1.0,
    "Fernando Alonso": 1.0,
    "Lance Stroll": 1.0,
    "Pierre Gasly": 1.0,
    "Esteban Ocon": 1.0,
    "Nico Hulkenberg": 1.0,
    "Kevin Magnussen": 1.0,
    "Yuki Tsunoda": 1.0,
    "Daniel Ricciardo": 1.0,
    "Alexander Albon": 1.0,
    "Valtteri Bottas": 1.0,
    "Zhou Guanyu": 1.0,
    "Andrea Kimi Antonelli": 1.0,
    "Oliver Bearman": 1.0
  },
  "track_type_adjustments": {
    "street_circuit": 1.15,
    "permanent_circuit": 1.0,
    "high_speed": 0.95
  }
}