driver1,driver2,driver1_win_prob,driver2_win_prob
Max Verstappen,Lewis Hamilton,0.5618253504906043,0.43817464950939566
Charles Leclerc,Lando Norris,0.025400655035484946,0.9745993449645151
George Russell,Oscar Piastri,0.01402832076909635,0.9859716792309037
Fernando Alonso,Carlos Sainz,0.08458769397916766,0.9154123060208323
