team,wins,losses,total_battles,win_rate
McLaren,296,8,304,0.9736842105263158
Red Bull,136,16,152,0.8947368421052632
Mercedes,120,32,152,0.7894736842105263
Aston Martin,184,120,304,0.6052631578947368
Ferrari,240,216,456,0.5263157894736842
Alpine,152,152,304,0.5
Kick Sauber,224,232,456,0.49122807017543857
Haas,88,216,304,0.2894736842105263
Racing Bulls,56,248,304,0.18421052631578946
Williams,24,280,304,0.07894736842105263
